{"Position":{"x":12.123000144958496,"y":23.200000762939454,"z":333.29998779296877},"EventName":"Object Position"}