{"Position":[{"x":4.230000019073486,"y":2.5299999713897707,"z":0.9300000071525574},{"x":0.8799999952316284,"y":0.8299999833106995,"z":1.059999942779541},{"x":1.600000023841858,"y":0.6700000166893005,"z":0.4099999964237213}],"EventName":["Object Position","Object Position","Object Position"]}