{"test":[{"Position":{"x":3.4000000953674318,"y":-3.0,"z":2.5299999713897707},"EventName":"Object Position"},{"Position":{"x":0.0,"y":0.8799999952316284,"z":0.4000000059604645},"EventName":"Object Position"},{"Position":{"x":-0.7799999713897705,"y":1.9800000190734864,"z":-1.4199999570846558},"EventName":"Object Position"}]}