{"Position":{"x":33.22999954223633,"y":23.0,"z":232.33299255371095},"EventName":"Object Position"}
{"Position":{"x":3544.22998046875,"y":233.0,"z":233.33299255371095},"EventName":"Object Position"}
{"Position":{"x":23.229999542236329,"y":23.0,"z":2432.3330078125},"EventName":"Object Position"}
